{
	"credit": "Made with Blockbench",
	"parent": "test",
	"textures": {
		"1": "block/Stone.jpeg",
		"2": "block/LeverHead.png (1)",
		"3": "LeverHead.png (1)",
		"4": "CobbleStone.png (1).png",
		"6": "block/Crate.png (1)",
		"7": "Crate.png (1)",
		"8": "block/Opening",
		"13": "block/Glass",
		"14": "Crate.png",
		"15": "Coveryor Belt.jpeg",
		"16": "Piston",
		"17": "Gravek",
		"18": "Vent.jpeg",
		"19": "Transparent",
		"20": "CobbleStone.png (1).png (1)",
		"21": "CobbleStone.png (1).png",
		"22": "GreenButton.jpeg",
		"23": "RedButton.jpeg",
		"24": "Power",
		"25": "Crate Openning",
		"26": "Crate openning 2",
		"particle": "Crate.png"
	},
	"elements": [
		{
			"name": "Main Block",
			"from": [0, 0, 0],
			"to": [16, 16, 12],
			"faces": {
				"north": {"uv": [0, 0, 16, 16], "rotation": 90, "texture": "#7"},
				"east": {"uv": [0, 0, 16, 16], "rotation": 90, "texture": "#7"},
				"south": {"uv": [0, 0, 16, 16], "rotation": 90, "texture": "#7"},
				"west": {"uv": [0, 0, 16, 16], "rotation": 90, "texture": "#7"},
				"down": {"uv": [0, 0, 16, 16], "texture": "#7"}
			}
		},
		{
			"from": [5, 7, 12],
			"to": [9, 9, 13],
			"rotation": {"angle": 0, "axis": "y", "origin": [13, 5, 8]},
			"faces": {
				"east": {"uv": [5, 1, 6, 4], "texture": "#1"},
				"south": {"uv": [0, 0, 16, 7], "texture": "#1"},
				"west": {"uv": [0, 6, 1, 9], "texture": "#1"},
				"up": {"uv": [10, 6, 5, 5], "texture": "#1"},
				"down": {"uv": [10, 0, 5, 1], "texture": "#1"}
			}
		},
		{
			"from": [1, 5, 12],
			"to": [4, 9, 13],
			"rotation": {"angle": 0, "axis": "y", "origin": [9, 5, 8]},
			"faces": {
				"east": {"uv": [0, 0.25, 9.375, 14.25], "texture": "#4"},
				"south": {"uv": [0, 0.25, 9.375, 14.25], "texture": "#4"},
				"west": {"uv": [0, 0.25, 9.375, 14.25], "texture": "#4"},
				"up": {"uv": [0, 0.25, 9.375, 14.25], "texture": "#4"},
				"down": {"uv": [0, 0.25, 9.375, 14.25], "texture": "#4"}
			}
		},
		{
			"from": [2, 7.05583, 12.11834],
			"to": [3, 13.05583, 13.11834],
			"rotation": {"angle": 22.5, "axis": "x", "origin": [2.5, 6.82539, 12.45983]},
			"faces": {
				"north": {"uv": [7.25, 3.125, 8.875, 13], "texture": "#2"},
				"east": {"uv": [7.25, 3.125, 8.875, 13], "texture": "#2"},
				"south": {"uv": [7.25, 3.125, 8.875, 13], "texture": "#2"},
				"west": {"uv": [7.25, 3.125, 8.875, 13], "texture": "#2"},
				"up": {"uv": [7.25, 3.125, 8.875, 5], "rotation": 180, "texture": "#3"},
				"down": {"uv": [7.25, 3.125, 8.875, 13], "texture": "#2"}
			}
		},
		{
			"from": [5, 4, 12],
			"to": [9, 6, 13],
			"rotation": {"angle": 0, "axis": "y", "origin": [13, 2, 8]},
			"faces": {
				"north": {"uv": [0, 0, 5, 3], "texture": "#1"},
				"east": {"uv": [5, 1, 6, 4], "texture": "#1"},
				"south": {"uv": [0, 0, 16, 7], "texture": "#1"},
				"west": {"uv": [0, 6, 1, 9], "texture": "#1"},
				"up": {"uv": [10, 6, 5, 5], "texture": "#1"},
				"down": {"uv": [10, 0, 5, 1], "texture": "#1"}
			}
		},
		{
			"from": [16, 0, 1],
			"to": [16.5, 10, 11],
			"faces": {
				"north": {"uv": [0.112, 0.112, 0.112, 15.998], "texture": "#7"},
				"east": {"uv": [0, 0.112, 16, 15.997], "texture": "#8"},
				"south": {"uv": [0.112, 0.112, 0.112, 15.998], "texture": "#7"},
				"up": {"uv": [0.112, 0.112, 0.112, 15.998], "texture": "#7"},
				"down": {"uv": [0.112, 0.112, 0.112, 15.998], "texture": "#7"}
			}
		},
		{
			"from": [-0.5, 0, 1],
			"to": [0, 10, 11],
			"rotation": {"angle": 0, "axis": "y", "origin": [0.25, 5, 6]},
			"faces": {
				"north": {"uv": [0.112, 0.112, 0.112, 15.998], "texture": "#7"},
				"east": {"uv": [0.112, 0.112, 0.112, 15.998], "texture": "#7"},
				"south": {"uv": [0.112, 0.112, 0.112, 15.998], "texture": "#7"},
				"west": {"uv": [0, 0.112, 16, 15.997], "texture": "#8"},
				"up": {"uv": [0.112, 0.112, 0.112, 15.998], "rotation": 180, "texture": "#7"},
				"down": {"uv": [0.112, 0.112, 0.112, 15.998], "rotation": 180, "texture": "#7"}
			}
		},
		{
			"from": [7, 15.9, 1],
			"to": [15, 15.9, 11],
			"rotation": {"angle": 0, "axis": "y", "origin": [9, 25, 17]},
			"faces": {
				"up": {"uv": [0, 0, 16, 12], "texture": "#13"},
				"down": {"uv": [0, 0, 16, 12], "texture": "#13"}
			}
		},
		{
			"from": [0, 16, 0],
			"to": [16, 16, 12],
			"rotation": {"angle": 0, "axis": "y", "origin": [9, 23, 17]},
			"faces": {
				"up": {"uv": [0, 0, 16, 16], "texture": "#14"}
			}
		},
		{
			"from": [0, 0, 0],
			"to": [16, 0, 12],
			"rotation": {"angle": 0, "axis": "y", "origin": [8, 7, 8]},
			"faces": {
				"up": {"uv": [0, 0.054, 16, 15.999], "texture": "#6"},
				"down": {"uv": [0, 0, 16, 12], "texture": "#19"}
			}
		},
		{
			"from": [0, -1, 2],
			"to": [16, 1, 9],
			"faces": {
				"up": {"uv": [2.589, 0.054, 10.169, 15.998], "rotation": 90, "texture": "#15"},
				"down": {"uv": [0, 0, 16, 12], "texture": "#19"}
			}
		},
		{
			"from": [0, 8, 2],
			"to": [7, 16, 9],
			"faces": {
				"north": {"uv": [9.389, 2.278, 12.914, 4.859], "texture": "#16"},
				"east": {"uv": [9.389, 2.278, 12.914, 4.859], "texture": "#16"},
				"south": {"uv": [9.389, 2.278, 12.914, 4.859], "texture": "#16"}
			}
		},
		{
			"from": [1, 1, 3],
			"to": [6, 7, 8],
			"rotation": {"angle": 0, "axis": "y", "origin": [3.5, 4, 5.5]},
			"faces": {
				"north": {"uv": [0, 0, 16, 16], "rotation": 90, "texture": "#17"},
				"east": {"uv": [0, 0, 16, 16], "rotation": 90, "texture": "#17"},
				"south": {"uv": [0, 0, 16, 16], "rotation": 90, "texture": "#17"},
				"west": {"uv": [0, 0, 16, 16], "rotation": 90, "texture": "#17"},
				"up": {"uv": [0, 0, 16, 16], "rotation": 90, "texture": "#17"}
			}
		},
		{
			"from": [0, 7, 2],
			"to": [7, 8, 9],
			"rotation": {"angle": 0, "axis": "y", "origin": [8, 7, 8]},
			"faces": {
				"north": {"uv": [1.694, 10.861, 4.913, 11.608], "texture": "#16"},
				"east": {"uv": [1.694, 10.861, 4.913, 11.608], "texture": "#16"},
				"south": {"uv": [1.694, 10.861, 4.913, 11.608], "texture": "#16"}
			}
		},
		{
			"from": [15.9, 0, 0],
			"to": [15.9, 16, 12],
			"rotation": {"angle": 0, "axis": "y", "origin": [9, 8, 8]},
			"faces": {
				"west": {"uv": [0, 0, 12, 16], "texture": "#25"}
			}
		},
		{
			"from": [0, 0, 0],
			"to": [0, 16, 12],
			"rotation": {"angle": 0, "axis": "y", "origin": [0.5, 8, 6]},
			"faces": {
				"east": {"uv": [0, 0, 12, 16], "texture": "#26"}
			}
		},
		{
			"from": [0, 0, 0],
			"to": [16, 16, 0],
			"rotation": {"angle": 0, "axis": "y", "origin": [9.5, 8, -1]},
			"faces": {
				"south": {"uv": [0, 0, 16, 16], "texture": "#6"}
			}
		},
		{
			"from": [0, 0, 11.5],
			"to": [16, 16, 11.5],
			"rotation": {"angle": 0, "axis": "y", "origin": [8, 8, 12.75]},
			"faces": {
				"north": {"uv": [0, 0, 16, 16], "texture": "#6"}
			}
		},
		{
			"from": [10, 0, 0],
			"to": [15, 6, 1],
			"rotation": {"angle": 0, "axis": "y", "origin": [18, 8, 8]},
			"faces": {
				"east": {"uv": [3.176, 0.566, 12.579, 9.771], "texture": "#18"},
				"south": {"uv": [3.176, 0.809, 12.579, 9.791], "texture": "#18"},
				"west": {"uv": [3.176, 0.566, 12.579, 9.771], "texture": "#18"},
				"up": {"uv": [3.115, 0.688, 3.941, 9.671], "rotation": 90, "texture": "#18"},
				"down": {"uv": [3.176, 0.809, 12.581, 10.259], "texture": "#18"}
			}
		},
		{
			"from": [10, 4, 12],
			"to": [15, 9, 13],
			"rotation": {"angle": 0, "axis": "y", "origin": [10.5, 8.5, 12.5]},
			"faces": {
				"east": {"uv": [8.75, 0.032, 11.5, 16], "texture": "#4"},
				"south": {"uv": [0, 0, 16, 16], "texture": "#21"},
				"west": {"uv": [8.75, 0.032, 11.5, 16], "texture": "#4"},
				"up": {"uv": [0, 0, 16, 4.468], "texture": "#4"},
				"down": {"uv": [0, 0, 16, 4.468], "texture": "#4"}
			}
		},
		{
			"from": [11, 7.5, 13],
			"to": [12, 8.5, 13.5],
			"rotation": {"angle": 0, "axis": "y", "origin": [10.5, 8.5, 12.5]},
			"faces": {
				"east": {"uv": [8.75, 0.032, 11.5, 16], "texture": "#22"},
				"south": {"uv": [0, 0, 16, 16], "texture": "#22"},
				"west": {"uv": [8.75, 0.032, 11.5, 16], "texture": "#22"},
				"up": {"uv": [0, 0, 16, 4.468], "texture": "#22"},
				"down": {"uv": [0, 0, 16, 4.468], "texture": "#22"}
			}
		},
		{
			"from": [12, 7.5, 13],
			"to": [13, 8.5, 13.1],
			"rotation": {"angle": 0, "axis": "y", "origin": [11.5, 8.5, 12.5]},
			"faces": {
				"east": {"uv": [8.75, 0.032, 11.5, 16], "texture": "#22"},
				"south": {"uv": [0, 0, 16, 16], "texture": "#24"},
				"west": {"uv": [8.75, 0.032, 11.5, 16], "texture": "#22"},
				"up": {"uv": [0, 0, 16, 4.468], "texture": "#19"},
				"down": {"uv": [0, 0, 16, 4.468], "texture": "#19"}
			}
		},
		{
			"from": [13, 7.5, 13],
			"to": [14, 8.5, 13.5],
			"rotation": {"angle": 0, "axis": "y", "origin": [12.5, 8.5, 12.5]},
			"faces": {
				"east": {"uv": [8.75, 0.032, 11.5, 16], "texture": "#23"},
				"south": {"uv": [0, 0, 16, 16], "texture": "#23"},
				"west": {"uv": [8.75, 0.032, 11.5, 16], "texture": "#23"},
				"up": {"uv": [0, 0, 16, 4.468], "texture": "#23"},
				"down": {"uv": [0, 0, 16, 4.468], "texture": "#23"}
			}
		},
		{
			"from": [11, 4, 13],
			"to": [14, 7, 15],
			"rotation": {"angle": 0, "axis": "y", "origin": [10.5, 8.5, 13.5]},
			"faces": {
				"east": {"uv": [0, 0.032, 13.844, 15.999], "texture": "#4"},
				"south": {"uv": [0, 0, 16, 16], "texture": "#20"},
				"west": {"uv": [0, 0.032, 13.844, 15.999], "texture": "#4"},
				"up": {"uv": [0, 0.032, 13.844, 15.999], "rotation": 90, "texture": "#4"},
				"down": {"uv": [0, 0.032, 13.844, 15.999], "rotation": 90, "texture": "#4"}
			}
		}
	],
	"display": {
		"thirdperson_righthand": {
			"rotation": [67, -171.5, 0],
			"translation": [-7, 10.25, 77],
			"scale": [1, 1, 1.04492]
		},
		"ground": {
			"translation": [0, 62, 0]
		},
		"gui": {
			"rotation": [0, 34, 0],
			"translation": [1, 0, 0],
			"scale": [0.86, 0.86, 0.86]
		},
		"fixed": {
			"rotation": [0, -180, 0]
		}
	},
	"groups": [0,
		{
			"name": "Control Panel",
			"origin": [8, 8, 8],
			"children": [1, 2, 3, 4]
		}, 5, 6, 7, 8, 9, 10, 11, 12, 13, 14, 15, 16, 17, 18, 19, 20, 21, 22, 23]
}