{
	"credit": "Made with Blockbench",
	"parent": "Compressor",
	"textures": {
		"0": "Rubber Seamless Texture #4746.jpg",
		"1": "Metal2.jpeg",
		"particle": "Rubber Seamless Texture #4746.jpg"
	},
	"elements": [
		{
			"from": [0, 1, 1],
			"to": [16, 4, 4],
			"faces": {
				"north": {"uv": [-1, 0, 0, 16], "rotation": 270, "texture": "#0"},
				"east": {"uv": [0, 0, 16, 16], "rotation": 90, "texture": "#1"},
				"south": {"uv": [-1, 0, 0, 16], "rotation": 90, "texture": "#0"},
				"west": {"uv": [0, 0, 16, 16], "rotation": 90, "texture": "#1"},
				"up": {"uv": [-1, 0, 0, 16], "rotation": 90, "texture": "#0"},
				"down": {"uv": [-1, 0, 0, 16], "rotation": 90, "texture": "#0"}
			}
		}
	]
}